event_time,estimate,standard_error
-5,-0.1805009178104205,1.0522610270988577
-4,1.7570353710052466,1.4187530032016251
-3,1.097597678478931,1.0635637279798686
-2,-0.5777614243537792,1.0977561833852008
0,-1.3391492580166322,1.1497615954468128
1,-0.006560904516958145,1.7130557673195386
2,-2.4192897834863647,1.0962293968560313
3,-1.8547613243197478,1.3782971157407886
4,-1.6584357006305206,1.1390375187154214
5,-1.9311293751300436,0.9539538709873668
