{
  "simple_did": {
    "method": "simple four-cell DID",
    "estimate": -1.7093879290526104,
    "standard_error": null,
    "n_obs": 864,
    "details": {
      "treated_post": 34.32135399050137,
      "treated_pre": 34.98419526515814,
      "control_post": 37.53643893248996,
      "control_pre": 36.48989227809412
    }
  },
  "twfe": {
    "method": "TWFE DID baseline",
    "estimate": -1.7653179941753618,
    "standard_error": 0.19452606237600925,
    "n_obs": 864,
    "details": {
      "r_squared": 0.814209258343567,
      "formula": "pm25 ~ treatment + C(city) + C(month) + weather_index"
    }
  }
}