check,estimate,standard_error,n_obs,interpretation
四格 DID（全样本）,-1.7093879290526104,,864,主展示估计；没有模型标准误，仅作为透明计算。
TWFE + 天气控制,-1.765317994175322,0.19452606237600523,864,加入城市固定效应、月份固定效应和天气控制。
TWFE 不含天气控制,-1.7093879290526492,0.23183979127326024,864,检查结果是否主要由天气协变量设定驱动。
仅保留政策后 8 个月,-1.9824637315185976,0.26002065996331325,672,检查短期窗口是否仍为负向。
提前 6 个月 placebo,0.36468829584544893,0.3273531090315125,480,只使用真实政策前数据；理想情况下应接近 0。
