event_time,estimate,standard_error
-5,6.756626834529249,0.3120005416029391
-4,3.99272862863116,0.6099234987292647
-3,3.5390991495120527,0.36435849476062865
-2,2.460993633010746,0.3290713216551029
0,1.3110534225576527,0.44612758675224434
1,2.062575540471558,0.7361988559726667
2,1.2186525936334591,0.18454334800534694
3,1.534088867218825,0.36937083286095396
4,2.0883338415191117,0.4449871451608546
5,2.4872740181197406,0.21251673419882758
